Concept,Title
1-D Dynamic Programming,Longest Palindromic Substring
1-D Dynamic Programming,Longest Common Prefix
1-D Dynamic Programming,Longest Valid Parentheses
1-D Dynamic Programming,Maximal Rectangle
1-D Dynamic Programming,Longest Consecutive Sequence
1-D Dynamic Programming,Max Points on a Line
1-D Dynamic Programming,Maximum Product Subarray
1-D Dynamic Programming,Longest Substring with At Most Two Distinct Characters
1-D Dynamic Programming,Maximum Gap
1-D Dynamic Programming,Maximal Square
1-D Dynamic Programming,Sliding Window Maximum
1-D Dynamic Programming,Encode and Decode Strings
1-D Dynamic Programming,Binary Tree Longest Consecutive Sequence
1-D Dynamic Programming,Longest Increasing Subsequence
1-D Dynamic Programming,Maximum Product of Word Lengths
1-D Dynamic Programming,Create Maximum Number
1-D Dynamic Programming,Maximum Size Subarray Sum Equals k
1-D Dynamic Programming,Longest Increasing Path in a Matrix
1-D Dynamic Programming,Longest Substring with At Most K Distinct Characters
1-D Dynamic Programming,Max Sum of Rectangle No Larger Than K
1-D Dynamic Programming,Longest Absolute File Path
1-D Dynamic Programming,Decode String
1-D Dynamic Programming,Longest Substring with At Least K Repeating Characters
1-D Dynamic Programming,Longest Palindrome
1-D Dynamic Programming,Third Maximum Number
1-D Dynamic Programming,Maximum XOR of Two Numbers in an Array
1-D Dynamic Programming,Longest Repeating Character Replacement
1-D Dynamic Programming,Max Consecutive Ones
1-D Dynamic Programming,Max Consecutive Ones II
1-D Dynamic Programming,Longest Palindromic Subsequence
1-D Dynamic Programming,Longest Uncommon Subsequence I
1-D Dynamic Programming,Longest Uncommon Subsequence II
1-D Dynamic Programming,Longest Word in Dictionary through Deleting
1-D Dynamic Programming,Encode and Decode TinyURL
1-D Dynamic Programming,Binary Tree Longest Consecutive Sequence II
1-D Dynamic Programming,Longest Line of Consecutive One in Matrix
1-D Dynamic Programming,Maximum Vacation Days
1-D Dynamic Programming,Maximum Distance in Arrays
1-D Dynamic Programming,Maximum Product of Three Numbers
1-D Dynamic Programming,Decode Ways II
1-D Dynamic Programming,Maximum Average Subarray II
1-D Dynamic Programming,Maximum Length of Pair Chain
1-D Dynamic Programming,Maximum Width of Binary Tree
1-D Dynamic Programming,Maximum Swap
1-D Dynamic Programming,Number of Longest Increasing Subsequence
1-D Dynamic Programming,Longest Continuous Increasing Subsequence
1-D Dynamic Programming,Maximum Sum of 3 Non-Overlapping Subarrays
1-D Dynamic Programming,Max Stack
1-D Dynamic Programming,Maximum Length of Repeated Subarray
1-D Dynamic Programming,Longest Word in Dictionary
1-D Dynamic Programming,Max Chunks To Make Sorted II
1-D Dynamic Programming,Max Chunks To Make Sorted
1-D Dynamic Programming,Minimize Max Distance to Gas Station
1-D Dynamic Programming,Number of Subarrays with Bounded Maximum
1-D Dynamic Programming,Max Increase to Keep City Skyline
1-D Dynamic Programming,Longest Mountain in Array
1-D Dynamic Programming,Maximize Distance to Closest Person
1-D Dynamic Programming,Length of Longest Fibonacci Subsequence
1-D Dynamic Programming,Decoded String at Index
1-D Dynamic Programming,Maximum Frequency Stack
1-D Dynamic Programming,Maximum Sum Circular Subarray
1-D Dynamic Programming,Maximum Width Ramp
1-D Dynamic Programming,Longest Turbulent Subarray
1-D Dynamic Programming,Maximum Binary Tree II
1-D Dynamic Programming,Max Consecutive Ones III
1-D Dynamic Programming,Maximize Sum Of Array After K Negations
1-D Dynamic Programming,Maximum Difference Between Node and Ancestor
1-D Dynamic Programming,Longest Arithmetic Sequence
1-D Dynamic Programming,Maximum Sum of Two Non-Overlapping Subarrays
1-D Dynamic Programming,Partition Array for Maximum Sum
1-D Dynamic Programming,Longest Duplicate Substring
1-D Dynamic Programming,Longest String Chain
1-D Dynamic Programming,Longest Repeating Substring
1-D Dynamic Programming,Flip Columns For Maximum Number of Equal Rows
1-D Dynamic Programming,Path With Maximum Minimum Value
1-D Dynamic Programming,Maximum Nesting Depth of Two Valid Parentheses Strings
1-D Dynamic Programming,Maximum Average Subtree
1-D Dynamic Programming,Longest Well-Performing Interval
1-D Dynamic Programming,Maximum of Absolute Value Expression
1-D Dynamic Programming,Longest Chunked Palindrome Decomposition
1-D Dynamic Programming,Swap For Longest Repeated Character Substring
1-D Dynamic Programming,Maximum Level Sum of a Binary Tree
1-D Dynamic Programming,Maximum Number of Ones
1-D Dynamic Programming,Maximum Subarray Sum with One Deletion
1-D Dynamic Programming,Maximum Number of Balloons
1-D Dynamic Programming,K-Concatenation Maximum Sum
1-D Dynamic Programming,Longest Arithmetic Subsequence of Given Difference
1-D Dynamic Programming,Path with Maximum Gold
1-D Dynamic Programming,Maximum Equal Frequency
1-D Dynamic Programming,Maximum Profit in Job Scheduling
1-D Dynamic Programming,Maximum Score Words Formed by Letters
1-D Dynamic Programming,Maximum Side Length of a Square with Sum Less than or Equal to Threshold
1-D Dynamic Programming,Maximum Number of Occurrences of a Substring
1-D Dynamic Programming,Maximum Candies You Can Get from Boxes
1-D Dynamic Programming,Number of Paths with Max Score
1-D Dynamic Programming,Maximum 69 Number
1-D Dynamic Programming,Reverse Subarray To Maximize Array Value
1-D Dynamic Programming,Maximum Product of Splitted Binary Tree
1-D Dynamic Programming,Maximum Students Taking Exam
1-D Dynamic Programming,Maximum Number of Events That Can Be Attended
1-D Dynamic Programming,Find the Longest Substring Containing Vowels in Even Counts
1-D Dynamic Programming,Longest ZigZag Path in a Binary Tree
1-D Dynamic Programming,Maximum Sum BST in Binary Tree
1-D Dynamic Programming,Maximum Performance of a Team
1-D Dynamic Programming,Longest Happy Prefix
1-D Dynamic Programming,Longest Happy String
1-D Dynamic Programming,Longest Substring Without Repeating Characters
1-D Dynamic Programming,Maximum Subarray
1-D Dynamic Programming,Decode Ways
1-D Dynamic Programming,Maximum Depth of Binary Tree
1-D Dynamic Programming,Binary Tree Maximum Path Sum
1-D Dynamic Programming,Maximum Depth of N-ary Tree
1-D Dynamic Programming,Longest Harmonious Subsequence
1-D Dynamic Programming,Maximum Average Subarray I
1-D Dynamic Programming,Maximum Binary Tree
1-D Dynamic Programming,Longest Univalue Path
1-D Dynamic Programming,Max Area of Island
1-D Dynamic Programming,Longest Common Subsequence
1-D Dynamic Programming,Maximum Length of a Concatenated String with Unique Characters
2-D Dynamic Programming,Spiral Matrix
2-D Dynamic Programming,Spiral Matrix II
2-D Dynamic Programming,Set Matrix Zeroes
2-D Dynamic Programming,Search a 2D Matrix
2-D Dynamic Programming,Search a 2D Matrix II
2-D Dynamic Programming,Sparse Matrix Multiplication
2-D Dynamic Programming,Longest Increasing Path in a Matrix
2-D Dynamic Programming,Kth Smallest Element in a Sorted Matrix
2-D Dynamic Programming,Random Flip Matrix
2-D Dynamic Programming,01 Matrix
2-D Dynamic Programming,Logical OR of Two Binary Grids Represented as Quad-Trees
2-D Dynamic Programming,Longest Line of Consecutive One in Matrix
2-D Dynamic Programming,Reshape the Matrix
2-D Dynamic Programming,Pyramid Transition Matrix
2-D Dynamic Programming,Toeplitz Matrix
2-D Dynamic Programming,Magic Squares In Grid
2-D Dynamic Programming,Score After Flipping Matrix
2-D Dynamic Programming,Transpose Matrix
2-D Dynamic Programming,Spiral Matrix III
2-D Dynamic Programming,Grid Illumination
2-D Dynamic Programming,Matrix Cells in Distance Order
2-D Dynamic Programming,Shortest Path in Binary Matrix
2-D Dynamic Programming,Cells with Odd Values in a Matrix
2-D Dynamic Programming,Reconstruct a 2-Row Binary Matrix
2-D Dynamic Programming,Minimum Number of Flips to Convert Binary Matrix to Zero Matrix
2-D Dynamic Programming,Shortest Path in a Grid with Obstacles Elimination
2-D Dynamic Programming,Matrix Block Sum
2-D Dynamic Programming,Sort the Matrix Diagonally
2-D Dynamic Programming,The K Weakest Rows in a Matrix
2-D Dynamic Programming,Count Negative Numbers in a Sorted Matrix
2-D Dynamic Programming,Minimum Cost to Make at Least One Valid Path in a Grid
2-D Dynamic Programming,Lucky Numbers in a Matrix
2-D Dynamic Programming,Check if There is a Valid Path in a Grid
2-D Dynamic Programming,Shift 2D Grid
Advanced Graphs,Critical Connections in a Network
Advanced Graphs,Number of Operations to Make Network Connected
Advanced Graphs,Network Delay Time
Arrays & Hashing,Median of Two Sorted Arrays
Arrays & Hashing,Next Permutation
Arrays & Hashing,Find First and Last Position of Element in Sorted Array
Arrays & Hashing,Permutations
Arrays & Hashing,Permutations II
Arrays & Hashing,Rotate Image
Arrays & Hashing,Permutation Sequence
Arrays & Hashing,Remove Duplicates from Sorted Array II
